;6001-A[10];6002-A[10];6005-A[5];6006-A[40];6007-A[5];6016-A[4];6018-A[2];6019-A[40];6020-A[5];6023-A[10];6026-A[10];6029-A[20];6030-A[20];6033-A[20];6105-1 F[40];6105-2 F[50];6105-3 F[50];6105-4 F[50];6107-2 F[50];6134-F[57];6142-F[40];6145-2 F[40];6058[60];6016[50];6032[50];6096[50];6038[40];6005[50];6050[50];6058[50];6107-2[50];6131[50];6015[50];6053[50];6118[40];6093[50];V1;V2;V3;V4;
SEGM1;0[0];0[0];0[0];0[0];0[0];0[0];0[0];0[0];0[0];0[0];0[0];0[0];0[0];0[0];101[40] [1_7];0[0];0[0];0[0];0[0];0[0];0[0];0[0];48[60] [1_2];0[0];111[50] [1_3];40[50] [1_1];0[0];0[0];0[0];0[0];0[0];0[0];43[50];0[0];0[0];0[0];0[0];0[0];0[0];0[0];
SEGM2;0[0];0[0];0[0];0[0];0[0];0[0];0[0];0[0];0[0];0[0];0[0];0[0];0[0];0[0];-1[0];0[0];0[0];0[0];0[0];0[0];0[0];0[0];-1[0];0[0];-1[0];-1[0];0[0];0[0];0[0];0[0];0[0];0[0];-1[0];0[0];0[0];0[0];0[0];0[0];0[0];0[0];
SEGM3;0[0];0[0];0[0];105[40] [1_5];0[0];0[0];0[0];0[0];0[0];0[0];0[0];0[0];0[0];0[0];81[30] [1_7];0[0];68[40] [1_1];0[0];0[0];0[0];0[0];71[40];0[0];0[0];60[40] [1_3];0[0];0[0];0[0];0[0];0[0];0[0];0[0];0[0];0[0];0[0];22[50] [1_4];0[0];0[0];0[0];0[0];
SEGM4;0[0];0[0];0[0];-1[0];0[0];0[0];0[0];0[0];0[0];0[0];0[0];0[0];0[0];0[0];-1[0];0[0];-1[0];0[0];0[0];0[0];0[0];-1[0];0[0];0[0];-1[0];0[0];0[0];0[0];0[0];0[0];0[0];0[0];0[0];0[0];0[0];-1[0];0[0];0[0];0[0];0[0];
SEGM5;0[0];0[0];0[0];0[0];0[0];0[0];0[0];0[0];0[0];0[0];0[0];0[0];0[0];0[0];87[40] [1_2];0[0];-1[0];0[0];0[0];0[0];0[0];-1[0];0[0];0[0];0[0];0[0];0[0];0[0];0[0];0[0];0[0];0[0];0[0];0[0];0[0];0[0];0[0];0[0];0[0];0[0];
SEGM6;0[0];0[0];0[0];0[0];0[0];0[0];0[0];0[0];0[0];0[0];0[0];0[0];0[0];0[0];-1[0];0[0];-1[0];0[0];0[0];0[0];0[0];-1[0];0[0];0[0];0[0];0[0];0[0];0[0];0[0];0[0];0[0];0[0];0[0];0[0];0[0];0[0];0[0];0[0];0[0];0[0];
SEGT1;0[0];0[0];0[0];0[0];0[0];0[0];0[0];0[0];0[0];0[0];0[0];0[0];0[0];0[0];0[0];0[0];0[0];0[0];0[0];0[0];0[0];0[0];0[0];0[0];0[0];0[0];0[0];0[0];0[0];0[0];0[0];0[0];0[0];0[0];0[0];0[0];0[0];0[0];0[0];0[0];
SEGT2;0[0];0[0];0[0];0[0];0[0];0[0];0[0];0[0];0[0];0[0];0[0];0[0];0[0];0[0];0[0];0[0];0[0];0[0];0[0];0[0];0[0];0[0];0[0];0[0];0[0];0[0];0[0];0[0];0[0];0[0];0[0];0[0];0[0];0[0];0[0];0[0];0[0];0[0];0[0];0[0];
SEGT3;0[0];0[0];0[0];0[0];0[0];0[0];0[0];0[0];0[0];0[0];0[0];0[0];0[0];0[0];0[0];0[0];0[0];0[0];0[0];0[0];0[0];0[0];0[0];0[0];0[0];0[0];0[0];0[0];0[0];0[0];0[0];0[0];0[0];0[0];0[0];0[0];0[0];0[0];0[0];0[0];
SEGT4;0[0];0[0];0[0];0[0];0[0];0[0];0[0];0[0];0[0];0[0];0[0];0[0];0[0];0[0];0[0];0[0];0[0];0[0];0[0];0[0];0[0];0[0];0[0];0[0];0[0];0[0];0[0];0[0];0[0];0[0];0[0];0[0];0[0];0[0];0[0];0[0];0[0];0[0];0[0];0[0];
SEGT5;0[0];0[0];0[0];0[0];0[0];0[0];0[0];0[0];0[0];0[0];0[0];0[0];0[0];0[0];0[0];0[0];0[0];0[0];0[0];0[0];0[0];0[0];0[0];0[0];0[0];0[0];0[0];0[0];0[0];0[0];0[0];0[0];0[0];0[0];0[0];0[0];0[0];0[0];0[0];0[0];
SEGT6;0[0];0[0];0[0];0[0];0[0];0[0];0[0];0[0];0[0];0[0];0[0];0[0];0[0];0[0];0[0];0[0];0[0];0[0];0[0];0[0];0[0];0[0];0[0];0[0];0[0];0[0];0[0];0[0];0[0];0[0];0[0];0[0];0[0];0[0];0[0];0[0];0[0];0[0];0[0];0[0];
SEGN1;0[0];0[0];0[0];0[0];0[0];0[0];0[0];0[0];0[0];0[0];0[0];0[0];0[0];0[0];10[40] [1_2];0[0];0[0];0[0];52[40] [1_4];0[0];0[0];73[30];0[0];0[0];0[0];0[0];0[0];0[0];0[0];0[0];107[30] [1_6];0[0];0[0];0[0];0[0];0[0];0[0];0[0];0[0];0[0];
SEGN2;0[0];0[0];0[0];0[0];0[0];0[0];0[0];0[0];0[0];0[0];0[0];0[0];0[0];0[0];-1[0];0[0];0[0];0[0];-1[0];0[0];0[0];-1[0];0[0];0[0];0[0];0[0];0[0];0[0];0[0];0[0];-1[0];0[0];0[0];0[0];0[0];0[0];0[0];0[0];0[0];0[0];
SEGN3;0[0];0[0];0[0];0[0];0[0];0[0];0[0];0[0];0[0];0[0];0[0];109[20];103[20] [1_8];0[0];18[40] [1_3];0[0];4[50] [1_2];0[0];97[40] [1_6];0[0];0[0];0[0];0[0];0[0];0[0];0[0];0[0];0[0];0[0];0[0];20[50] [1_4];0[0];7[50];0[0];0[0];0[0];0[0];0[0];0[0];0[0];
SEGN4;0[0];0[0];0[0];0[0];0[0];0[0];0[0];0[0];0[0];0[0];0[0];-1[0];-1[0];0[0];-1[0];0[0];-1[0];0[0];-1[0];0[0];0[0];0[0];0[0];0[0];0[0];0[0];0[0];0[0];0[0];0[0];-1[0];0[0];-1[0];0[0];0[0];0[0];0[0];0[0];0[0];0[0];
SEGN5;0[0];0[0];0[0];0[0];0[0];0[0];0[0];0[0];0[0];0[0];0[0];0[0];0[0];0[0];36[40] [1_6];0[0];0[0];0[0];28[50] [1_7];0[0];0[0];0[0];0[0];0[0];0[0];0[0];0[0];0[0];0[0];0[0];0[0];0[0];0[0];0[0];0[0];0[0];0[0];0[0];0[0];0[0];
SEGN6;0[0];0[0];0[0];0[0];0[0];0[0];0[0];0[0];0[0];0[0];0[0];0[0];0[0];0[0];-1[0];0[0];0[0];0[0];-1[0];0[0];0[0];0[0];0[0];0[0];0[0];0[0];0[0];0[0];0[0];0[0];0[0];0[0];0[0];0[0];0[0];0[0];0[0];0[0];0[0];0[0];
TERM1;0[0];0[0];0[0];0[0];0[0];0[0];0[0];13[40] [1_2];0[0];0[0];0[0];0[0];0[0];0[0];99[40] [1_5];66[50] [1_7];0[0];0[0];0[0];0[0];0[0];0[0];0[0];0[0];0[0];0[0];0[0];0[0];0[0];0[0];0[0];0[0];50[50] [1_3];0[0];0[0];0[0];0[0];0[0];0[0];0[0];
TERM2;0[0];0[0];0[0];0[0];0[0];0[0];0[0];-1[0];0[0];0[0];0[0];0[0];0[0];0[0];-1[0];-1[0];0[0];0[0];0[0];0[0];0[0];0[0];0[0];0[0];0[0];0[0];0[0];0[0];0[0];0[0];0[0];0[0];-1[0];0[0];0[0];0[0];0[0];0[0];0[0];0[0];
TERM3;0[0];0[0];0[0];0[0];0[0];0[0];0[0];16[40] [1_3];0[0];0[0];0[0];0[0];0[0];0[0];64[40] [1_5];0[0];0[0];0[0];95[30] [1_7];0[0];0[0];0[0];0[0];0[0];0[0];0[0];0[0];0[0];0[0];77[50] [1_1];0[0];0[0];0[0];0[0];0[0];0[0];0[0];0[0];0[0];0[0];
TERM4;0[0];0[0];0[0];0[0];0[0];0[0];0[0];-1[0];0[0];0[0];0[0];0[0];0[0];0[0];-1[0];0[0];0[0];0[0];-1[0];0[0];0[0];0[0];0[0];0[0];0[0];0[0];0[0];0[0];0[0];-1[0];0[0];0[0];0[0];0[0];0[0];0[0];0[0];0[0];0[0];0[0];
TERM5;0[0];0[0];0[0];0[0];0[0];0[0];0[0];89[40] [1_3];0[0];0[0];0[0];0[0];0[0];0[0];0[0];0[0];32[50] [1_5];0[0];82[30] [1_7];0[0];0[0];0[0];91[60] [1_1];0[0];0[0];0[0];0[0];0[0];0[0];0[0];0[0];0[0];0[0];0[0];0[0];0[0];0[0];0[0];0[0];0[0];
TERM6;0[0];0[0];0[0];0[0];0[0];0[0];0[0];-1[0];0[0];0[0];0[0];0[0];0[0];0[0];0[0];0[0];-1[0];0[0];-1[0];0[0];0[0];0[0];-1[0];0[0];0[0];0[0];0[0];0[0];0[0];0[0];0[0];0[0];0[0];0[0];0[0];0[0];0[0];0[0];0[0];0[0];
TERT1;0[0];0[0];0[0];0[0];0[0];0[0];0[0];0[0];0[0];0[0];0[0];0[0];0[0];0[0];0[0];0[0];0[0];0[0];0[0];0[0];0[0];0[0];0[0];0[0];0[0];0[0];0[0];0[0];0[0];0[0];0[0];0[0];0[0];0[0];0[0];0[0];0[0];0[0];0[0];0[0];
TERT2;0[0];0[0];0[0];0[0];0[0];0[0];0[0];0[0];0[0];0[0];0[0];0[0];0[0];0[0];0[0];0[0];0[0];0[0];0[0];0[0];0[0];0[0];0[0];0[0];0[0];0[0];0[0];0[0];0[0];0[0];0[0];0[0];0[0];0[0];0[0];0[0];0[0];0[0];0[0];0[0];
TERT3;0[0];0[0];0[0];0[0];0[0];0[0];0[0];0[0];0[0];0[0];0[0];0[0];0[0];0[0];0[0];0[0];0[0];0[0];0[0];0[0];0[0];0[0];0[0];0[0];0[0];0[0];0[0];0[0];0[0];0[0];0[0];0[0];0[0];0[0];0[0];0[0];0[0];0[0];0[0];0[0];
TERT4;0[0];0[0];0[0];0[0];0[0];0[0];0[0];0[0];0[0];0[0];0[0];0[0];0[0];0[0];0[0];0[0];0[0];0[0];0[0];0[0];0[0];0[0];0[0];0[0];0[0];0[0];0[0];0[0];0[0];0[0];0[0];0[0];0[0];0[0];0[0];0[0];0[0];0[0];0[0];0[0];
TERT5;0[0];0[0];0[0];0[0];0[0];0[0];0[0];0[0];0[0];0[0];0[0];0[0];0[0];0[0];0[0];0[0];0[0];0[0];0[0];0[0];0[0];0[0];0[0];0[0];0[0];0[0];0[0];0[0];0[0];0[0];0[0];0[0];0[0];0[0];0[0];0[0];0[0];0[0];0[0];0[0];
TERT6;0[0];0[0];0[0];0[0];0[0];0[0];0[0];0[0];0[0];0[0];0[0];0[0];0[0];0[0];0[0];0[0];0[0];0[0];0[0];0[0];0[0];0[0];0[0];0[0];0[0];0[0];0[0];0[0];0[0];0[0];0[0];0[0];0[0];0[0];0[0];0[0];0[0];0[0];0[0];0[0];
TERN1;0[0];0[0];0[0];0[0];0[0];0[0];0[0];0[0];0[0];0[0];0[0];0[0];0[0];0[0];83[30] [1_6];0[0];0[0];62[50] [1_4];0[0];0[0];0[0];0[0];46[60] [1_2];0[0];0[0];0[0];0[0];0[0];0[0];0[0];0[0];0[0];0[0];0[0];0[0];0[0];0[0];0[0];0[0];0[0];
TERN2;0[0];0[0];0[0];0[0];0[0];0[0];0[0];0[0];0[0];0[0];0[0];0[0];0[0];0[0];-1[0];0[0];0[0];-1[0];0[0];0[0];0[0];0[0];-1[0];0[0];0[0];0[0];0[0];0[0];0[0];0[0];0[0];0[0];0[0];0[0];0[0];0[0];0[0];0[0];0[0];0[0];
TERN3;0[0];0[0];0[0];93[40];0[0];0[0];0[0];0[0];0[0];0[0];0[0];0[0];0[0];0[0];85[40] [1_2];0[0];0[0];0[0];30[50] [1_4];0[0];0[0];0[0];0[0];0[0];0[0];0[0];0[0];0[0];0[0];0[0];0[0];0[0];0[0];0[0];0[0];0[0];0[0];0[0];0[0];0[0];
TERN4;0[0];0[0];0[0];-1[0];0[0];0[0];0[0];0[0];0[0];0[0];0[0];0[0];0[0];0[0];-1[0];0[0];0[0];0[0];-1[0];0[0];0[0];0[0];0[0];0[0];0[0];0[0];0[0];0[0];0[0];0[0];0[0];0[0];0[0];0[0];0[0];0[0];0[0];0[0];0[0];0[0];
TERN5;0[0];0[0];0[0];0[0];0[0];0[0];0[0];0[0];0[0];0[0];0[0];0[0];0[0];0[0];0[0];0[0];0[0];21[50] [1_4];0[0];0[0];0[0];0[0];0[0];0[0];0[0];0[0];0[0];0[0];0[0];0[0];0[0];0[0];0[0];0[0];0[0];0[0];0[0];0[0];0[0];0[0];
TERN6;0[0];0[0];0[0];0[0];0[0];0[0];0[0];0[0];0[0];0[0];0[0];0[0];0[0];0[0];0[0];0[0];0[0];0[0];0[0];0[0];0[0];0[0];0[0];0[0];0[0];0[0];0[0];0[0];0[0];0[0];0[0];0[0];0[0];0[0];0[0];0[0];0[0];0[0];0[0];0[0];
QUAM1;0[0];0[0];0[0];34[40] [1_5];0[0];0[0];0[0];102[40] [1_7];0[0];0[0];0[0];0[0];0[0];0[0];0[0];0[0];41[50] [1_1];112[50] [1_3];0[0];0[0];0[0];0[0];0[0];0[0];0[0];0[0];0[0];44[50];0[0];0[0];0[0];0[0];0[0];0[0];0[0];0[0];0[0];0[0];0[0];0[0];
QUAM2;0[0];0[0];0[0];-1[0];0[0];0[0];0[0];-1[0];0[0];0[0];0[0];0[0];0[0];0[0];0[0];0[0];-1[0];-1[0];0[0];0[0];0[0];0[0];0[0];0[0];0[0];0[0];0[0];-1[0];0[0];0[0];0[0];0[0];0[0];0[0];0[0];0[0];0[0];0[0];0[0];0[0];
QUAM3;0[0];0[0];0[0];24[40] [1_5];0[0];0[0];0[0];58[40] [1_7];0[0];0[0];0[0];0[0];0[0];0[0];61[40] [1_3];0[0];0[0];23[50] [1_4];0[0];0[0];0[0];0[0];0[0];0[0];0[0];0[0];0[0];0[0];0[0];0[0];75[50] [1_1];0[0];0[0];0[0];0[0];0[0];0[0];0[0];0[0];0[0];
QUAM4;0[0];0[0];0[0];-1[0];0[0];0[0];0[0];-1[0];0[0];0[0];0[0];0[0];0[0];0[0];-1[0];0[0];0[0];0[0];0[0];0[0];0[0];0[0];0[0];0[0];0[0];0[0];0[0];0[0];0[0];0[0];-1[0];0[0];0[0];0[0];0[0];0[0];0[0];0[0];0[0];0[0];
QUAM5;0[0];0[0];0[0];0[0];0[0];0[0];0[0];0[0];0[0];0[0];0[0];0[0];0[0];0[0];88[40] [1_2];0[0];0[0];26[50] [1_7];2[50] [1_1];0[0];0[0];0[0];0[0];0[0];0[0];0[0];0[0];0[0];0[0];0[0];0[0];0[0];0[0];0[0];0[0];0[0];0[0];0[0];0[0];0[0];
QUAM6;0[0];0[0];0[0];0[0];0[0];0[0];0[0];0[0];0[0];0[0];0[0];0[0];0[0];0[0];-1[0];0[0];0[0];-1[0];-1[0];0[0];0[0];0[0];0[0];0[0];0[0];0[0];0[0];0[0];0[0];0[0];0[0];0[0];0[0];0[0];0[0];0[0];0[0];0[0];0[0];0[0];
QUAT1;0[0];0[0];0[0];0[0];0[0];0[0];0[0];0[0];0[0];0[0];0[0];0[0];0[0];0[0];0[0];0[0];0[0];0[0];0[0];0[0];0[0];0[0];0[0];0[0];0[0];0[0];0[0];0[0];0[0];0[0];0[0];0[0];0[0];0[0];0[0];0[0];0[0];0[0];0[0];0[0];
QUAT2;0[0];0[0];0[0];0[0];0[0];0[0];0[0];0[0];0[0];0[0];0[0];0[0];0[0];0[0];0[0];0[0];0[0];0[0];0[0];0[0];0[0];0[0];0[0];0[0];0[0];0[0];0[0];0[0];0[0];0[0];0[0];0[0];0[0];0[0];0[0];0[0];0[0];0[0];0[0];0[0];
QUAT3;0[0];0[0];0[0];0[0];0[0];0[0];0[0];0[0];0[0];0[0];0[0];0[0];0[0];0[0];0[0];0[0];0[0];0[0];0[0];0[0];0[0];0[0];0[0];0[0];0[0];0[0];0[0];0[0];0[0];0[0];0[0];0[0];0[0];0[0];0[0];0[0];0[0];0[0];0[0];0[0];
QUAT4;0[0];0[0];0[0];0[0];0[0];0[0];0[0];0[0];0[0];0[0];0[0];0[0];0[0];0[0];0[0];0[0];0[0];0[0];0[0];0[0];0[0];0[0];0[0];0[0];0[0];0[0];0[0];0[0];0[0];0[0];0[0];0[0];0[0];0[0];0[0];0[0];0[0];0[0];0[0];0[0];
QUAT5;0[0];0[0];0[0];0[0];0[0];0[0];0[0];0[0];0[0];0[0];0[0];0[0];0[0];0[0];0[0];0[0];0[0];0[0];0[0];0[0];0[0];0[0];0[0];0[0];0[0];0[0];0[0];0[0];0[0];0[0];0[0];0[0];0[0];0[0];0[0];0[0];0[0];0[0];0[0];0[0];
QUAT6;0[0];0[0];0[0];0[0];0[0];0[0];0[0];0[0];0[0];0[0];0[0];0[0];0[0];0[0];0[0];0[0];0[0];0[0];0[0];0[0];0[0];0[0];0[0];0[0];0[0];0[0];0[0];0[0];0[0];0[0];0[0];0[0];0[0];0[0];0[0];0[0];0[0];0[0];0[0];0[0];
QUAN1;0[0];0[0];0[0];0[0];0[0];0[0];0[0];0[0];0[0];0[0];0[0];0[0];0[0];0[0];0[0];0[0];0[0];0[0];38[50] [1_2];0[0];0[0];79[40] [1_1];0[0];0[0];0[0];0[0];108[30] [1_6];0[0];0[0];0[0];0[0];0[0];0[0];0[0];0[0];0[0];0[0];0[0];0[0];0[0];
QUAN2;0[0];0[0];0[0];0[0];0[0];0[0];0[0];0[0];0[0];0[0];0[0];0[0];0[0];0[0];0[0];0[0];0[0];0[0];-1[0];0[0];0[0];-1[0];0[0];0[0];0[0];0[0];-1[0];0[0];0[0];0[0];0[0];0[0];0[0];0[0];0[0];0[0];0[0];0[0];0[0];0[0];
QUAN3;0[0];0[0];0[0];0[0];0[0];0[0];0[0];53[40] [1_4];0[0];0[0];0[0];104[20] [1_8];0[0];110[20];0[0];0[0];0[0];0[0];0[0];0[0];0[0];0[0];0[0];0[0];0[0];0[0];37[40] [1_6];0[0];8[50];0[0];5[50] [1_2];0[0];0[0];0[0];0[0];0[0];0[0];0[0];0[0];0[0];
QUAN4;0[0];0[0];0[0];0[0];0[0];0[0];0[0];-1[0];0[0];0[0];0[0];-1[0];0[0];-1[0];0[0];0[0];0[0];0[0];0[0];0[0];0[0];0[0];0[0];0[0];0[0];0[0];-1[0];0[0];-1[0];0[0];-1[0];0[0];0[0];0[0];0[0];0[0];0[0];0[0];0[0];0[0];
QUAN5;0[0];0[0];0[0];0[0];0[0];0[0];0[0];55[40] [1_4];0[0];0[0];0[0];0[0];0[0];0[0];0[0];0[0];0[0];0[0];29[50] [1_7];0[0];0[0];0[0];0[0];0[0];0[0];0[0];0[0];0[0];0[0];0[0];0[0];0[0];0[0];0[0];0[0];0[0];0[0];0[0];0[0];0[0];
QUAN6;0[0];0[0];0[0];0[0];0[0];0[0];0[0];-1[0];0[0];0[0];0[0];0[0];0[0];0[0];0[0];0[0];0[0];0[0];-1[0];0[0];0[0];0[0];0[0];0[0];0[0];0[0];0[0];0[0];0[0];0[0];0[0];0[0];0[0];0[0];0[0];0[0];0[0];0[0];0[0];0[0];
QUIM1;0[0];0[0];0[0];0[0];0[0];0[0];0[0];14[40] [1_2];0[0];0[0];0[0];0[0];0[0];0[0];100[40] [1_5];67[50] [1_7];0[0];0[0];0[0];0[0];0[0];0[0];92[60] [1_1];0[0];0[0];0[0];0[0];0[0];0[0];0[0];0[0];0[0];51[50] [1_3];0[0];0[0];0[0];0[0];0[0];0[0];0[0];
QUIM2;0[0];0[0];0[0];0[0];0[0];0[0];0[0];-1[0];0[0];0[0];0[0];0[0];0[0];0[0];-1[0];-1[0];0[0];0[0];0[0];0[0];0[0];0[0];-1[0];0[0];0[0];0[0];0[0];0[0];0[0];0[0];0[0];0[0];-1[0];0[0];0[0];0[0];0[0];0[0];0[0];0[0];
QUIM3;0[0];0[0];0[0];0[0];0[0];0[0];0[0];17[40] [1_3];0[0];0[0];0[0];0[0];0[0];0[0];59[40] [1_7];0[0];0[0];106[40] [1_5];78[50] [1_1];0[0];0[0];0[0];0[0];0[0];0[0];0[0];0[0];0[0];0[0];0[0];0[0];0[0];0[0];0[0];0[0];0[0];0[0];0[0];0[0];0[0];
QUIM4;0[0];0[0];0[0];0[0];0[0];0[0];0[0];-1[0];0[0];0[0];0[0];0[0];0[0];0[0];-1[0];0[0];0[0];-1[0];-1[0];0[0];0[0];0[0];0[0];0[0];0[0];0[0];0[0];0[0];0[0];0[0];0[0];0[0];0[0];0[0];0[0];0[0];0[0];0[0];0[0];0[0];
QUIM5;0[0];0[0];0[0];72[40];0[0];0[0];0[0];90[40] [1_3];0[0];0[0];0[0];0[0];0[0];0[0];96[30] [1_7];33[50] [1_5];0[0];0[0];0[0];0[0];0[0];70[40] [1_1];0[0];0[0];0[0];0[0];0[0];0[0];0[0];0[0];0[0];0[0];0[0];0[0];15[40] [1_2];0[0];0[0];0[0];0[0];0[0];
QUIM6;0[0];0[0];0[0];-1[0];0[0];0[0];0[0];-1[0];0[0];0[0];0[0];0[0];0[0];0[0];-1[0];-1[0];0[0];0[0];0[0];0[0];0[0];-1[0];0[0];0[0];0[0];0[0];0[0];0[0];0[0];0[0];0[0];0[0];0[0];0[0];-1[0];0[0];0[0];0[0];0[0];0[0];
QUIT1;0[0];0[0];0[0];0[0];0[0];0[0];0[0];0[0];0[0];0[0];0[0];0[0];0[0];0[0];0[0];0[0];0[0];0[0];0[0];0[0];0[0];0[0];0[0];0[0];0[0];0[0];0[0];0[0];0[0];0[0];0[0];0[0];0[0];0[0];0[0];0[0];0[0];0[0];0[0];0[0];
QUIT2;0[0];0[0];0[0];0[0];0[0];0[0];0[0];0[0];0[0];0[0];0[0];0[0];0[0];0[0];0[0];0[0];0[0];0[0];0[0];0[0];0[0];0[0];0[0];0[0];0[0];0[0];0[0];0[0];0[0];0[0];0[0];0[0];0[0];0[0];0[0];0[0];0[0];0[0];0[0];0[0];
QUIT3;0[0];0[0];0[0];0[0];0[0];0[0];0[0];0[0];0[0];0[0];0[0];0[0];0[0];0[0];0[0];0[0];0[0];0[0];0[0];0[0];0[0];0[0];0[0];0[0];0[0];0[0];0[0];0[0];0[0];0[0];0[0];0[0];0[0];0[0];0[0];0[0];0[0];0[0];0[0];0[0];
QUIT4;0[0];0[0];0[0];0[0];0[0];0[0];0[0];0[0];0[0];0[0];0[0];0[0];0[0];0[0];0[0];0[0];0[0];0[0];0[0];0[0];0[0];0[0];0[0];0[0];0[0];0[0];0[0];0[0];0[0];0[0];0[0];0[0];0[0];0[0];0[0];0[0];0[0];0[0];0[0];0[0];
QUIT5;0[0];0[0];0[0];0[0];0[0];0[0];0[0];0[0];0[0];0[0];0[0];0[0];0[0];0[0];0[0];0[0];0[0];0[0];0[0];0[0];0[0];0[0];0[0];0[0];0[0];0[0];0[0];0[0];0[0];0[0];0[0];0[0];0[0];0[0];0[0];0[0];0[0];0[0];0[0];0[0];
QUIT6;0[0];0[0];0[0];0[0];0[0];0[0];0[0];0[0];0[0];0[0];0[0];0[0];0[0];0[0];0[0];0[0];0[0];0[0];0[0];0[0];0[0];0[0];0[0];0[0];0[0];0[0];0[0];0[0];0[0];0[0];0[0];0[0];0[0];0[0];0[0];0[0];0[0];0[0];0[0];0[0];
QUIN1;0[0];0[0];0[0];74[30];0[0];0[0];0[0];0[0];0[0];0[0];0[0];0[0];0[0];0[0];11[40] [1_2];63[50] [1_4];0[0];0[0];0[0];0[0];84[30] [1_6];94[40];0[0];0[0];0[0];0[0];0[0];0[0];0[0];0[0];0[0];0[0];0[0];0[0];0[0];0[0];0[0];0[0];0[0];0[0];
QUIN2;0[0];0[0];0[0];-1[0];0[0];0[0];0[0];0[0];0[0];0[0];0[0];0[0];0[0];0[0];-1[0];-1[0];0[0];0[0];0[0];0[0];-1[0];-1[0];0[0];0[0];0[0];0[0];0[0];0[0];0[0];0[0];0[0];0[0];0[0];0[0];0[0];0[0];0[0];0[0];0[0];0[0];
QUIN3;0[0];0[0];0[0];-1[0];0[0];0[0];0[0];0[0];0[0];0[0];0[0];0[0];0[0];0[0];86[40] [1_2];31[50] [1_4];0[0];0[0];0[0];0[0];0[0];19[40] [1_3];0[0];0[0];0[0];0[0];0[0];0[0];0[0];0[0];0[0];0[0];0[0];0[0];0[0];0[0];0[0];0[0];0[0];0[0];
QUIN4;0[0];0[0];0[0];-1[0];0[0];0[0];0[0];0[0];0[0];0[0];0[0];0[0];0[0];0[0];-1[0];-1[0];0[0];0[0];0[0];0[0];0[0];-1[0];0[0];0[0];0[0];0[0];0[0];0[0];0[0];0[0];0[0];0[0];0[0];0[0];0[0];0[0];0[0];0[0];0[0];0[0];
QUIN5;0[0];0[0];0[0];0[0];0[0];0[0];0[0];98[40] [1_6];0[0];0[0];0[0];0[0];0[0];0[0];0[0];0[0];0[0];0[0];0[0];0[0];0[0];0[0];47[60] [1_2];0[0];0[0];0[0];80[40] [1_1];0[0];0[0];0[0];0[0];0[0];0[0];0[0];0[0];0[0];0[0];0[0];0[0];0[0];
QUIN6;0[0];0[0];0[0];0[0];0[0];0[0];0[0];-1[0];0[0];0[0];0[0];0[0];0[0];0[0];0[0];0[0];0[0];0[0];0[0];0[0];0[0];0[0];-1[0];0[0];0[0];0[0];-1[0];0[0];0[0];0[0];0[0];0[0];0[0];0[0];0[0];0[0];0[0];0[0];0[0];0[0];
SEXM1;0[0];0[0];0[0];65[40] [1_5];0[0];0[0];0[0];0[0];0[0];0[0];0[0];0[0];0[0];0[0];0[0];0[0];45[50];0[0];42[50] [1_1];0[0];0[0];0[0];49[60] [1_2];0[0];0[0];0[0];0[0];0[0];0[0];0[0];0[0];0[0];0[0];0[0];0[0];0[0];0[0];0[0];0[0];0[0];
SEXM2;0[0];0[0];0[0];-1[0];0[0];0[0];0[0];0[0];0[0];0[0];0[0];0[0];0[0];0[0];0[0];0[0];-1[0];0[0];-1[0];0[0];0[0];0[0];-1[0];0[0];0[0];0[0];0[0];0[0];0[0];0[0];0[0];0[0];0[0];0[0];0[0];0[0];0[0];0[0];0[0];0[0];
SEXM3;0[0];0[0];0[0];0[0];0[0];0[0];0[0];0[0];0[0];0[0];0[0];0[0];0[0];0[0];0[0];27[50] [1_7];0[0];0[0];0[0];0[0];0[0];0[0];0[0];0[0];0[0];0[0];0[0];0[0];0[0];0[0];3[50] [1_1];0[0];35[40] [1_5];0[0];0[0];0[0];0[0];0[0];0[0];0[0];
SEXM4;0[0];0[0];0[0];0[0];0[0];0[0];0[0];0[0];0[0];0[0];0[0];0[0];0[0];0[0];0[0];-1[0];0[0];0[0];0[0];0[0];0[0];0[0];0[0];0[0];0[0];0[0];0[0];0[0];0[0];0[0];-1[0];0[0];-1[0];0[0];0[0];0[0];0[0];0[0];0[0];0[0];
SEXM5;0[0];0[0];0[0];0[0];0[0];0[0];0[0];25[40] [1_5];0[0];0[0];0[0];0[0];0[0];0[0];0[0];0[0];0[0];76[50] [1_1];0[0];0[0];0[0];0[0];0[0];0[0];0[0];0[0];0[0];0[0];0[0];0[0];0[0];0[0];0[0];0[0];0[0];0[0];0[0];0[0];0[0];0[0];
SEXM6;0[0];0[0];0[0];0[0];0[0];0[0];0[0];-1[0];0[0];0[0];0[0];0[0];0[0];0[0];0[0];0[0];0[0];-1[0];0[0];0[0];0[0];0[0];0[0];0[0];0[0];0[0];0[0];0[0];0[0];0[0];0[0];0[0];0[0];0[0];0[0];0[0];0[0];0[0];0[0];0[0];
SEXT1;0[0];0[0];0[0];0[0];0[0];0[0];0[0];0[0];0[0];0[0];0[0];0[0];0[0];0[0];0[0];0[0];0[0];0[0];0[0];0[0];0[0];0[0];0[0];0[0];0[0];0[0];0[0];0[0];0[0];0[0];0[0];0[0];0[0];0[0];0[0];0[0];0[0];0[0];0[0];0[0];
SEXT2;0[0];0[0];0[0];0[0];0[0];0[0];0[0];0[0];0[0];0[0];0[0];0[0];0[0];0[0];0[0];0[0];0[0];0[0];0[0];0[0];0[0];0[0];0[0];0[0];0[0];0[0];0[0];0[0];0[0];0[0];0[0];0[0];0[0];0[0];0[0];0[0];0[0];0[0];0[0];0[0];
SEXT3;0[0];0[0];0[0];0[0];0[0];0[0];0[0];0[0];0[0];0[0];0[0];0[0];0[0];0[0];0[0];0[0];0[0];0[0];0[0];0[0];0[0];0[0];0[0];0[0];0[0];0[0];0[0];0[0];0[0];0[0];0[0];0[0];0[0];0[0];0[0];0[0];0[0];0[0];0[0];0[0];
SEXT4;0[0];0[0];0[0];0[0];0[0];0[0];0[0];0[0];0[0];0[0];0[0];0[0];0[0];0[0];0[0];0[0];0[0];0[0];0[0];0[0];0[0];0[0];0[0];0[0];0[0];0[0];0[0];0[0];0[0];0[0];0[0];0[0];0[0];0[0];0[0];0[0];0[0];0[0];0[0];0[0];
SEXT5;0[0];0[0];0[0];0[0];0[0];0[0];0[0];0[0];0[0];0[0];0[0];0[0];0[0];0[0];0[0];0[0];0[0];0[0];0[0];0[0];0[0];0[0];0[0];0[0];0[0];0[0];0[0];0[0];0[0];0[0];0[0];0[0];0[0];0[0];0[0];0[0];0[0];0[0];0[0];0[0];
SEXT6;0[0];0[0];0[0];0[0];0[0];0[0];0[0];0[0];0[0];0[0];0[0];0[0];0[0];0[0];0[0];0[0];0[0];0[0];0[0];0[0];0[0];0[0];0[0];0[0];0[0];0[0];0[0];0[0];0[0];0[0];0[0];0[0];0[0];0[0];0[0];0[0];0[0];0[0];0[0];0[0];
SEXN1;0[0];0[0];0[0];56[40] [1_4];0[0];0[0];0[0];0[0];0[0];0[0];0[0];0[0];0[0];0[0];0[0];0[0];0[0];0[0];0[0];0[0];0[0];0[0];0[0];0[0];57[50] [1_6];0[0];0[0];0[0];0[0];39[50] [1_2];0[0];0[0];0[0];0[0];0[0];0[0];0[0];0[0];0[0];0[0];
SEXN2;0[0];0[0];0[0];-1[0];0[0];0[0];0[0];0[0];0[0];0[0];0[0];0[0];0[0];0[0];0[0];0[0];0[0];0[0];0[0];0[0];0[0];0[0];0[0];0[0];-1[0];0[0];0[0];0[0];0[0];-1[0];0[0];0[0];0[0];0[0];0[0];0[0];0[0];0[0];0[0];0[0];
SEXN3;0[0];0[0];0[0];54[40] [1_4];0[0];0[0];0[0];0[0];0[0];0[0];0[0];0[0];0[0];0[0];0[0];0[0];0[0];0[0];0[0];0[0];0[0];0[0];0[0];0[0];-1[0];0[0];0[0];0[0];9[50];0[0];0[0];0[0];0[0];6[50] [1_2];0[0];0[0];0[0];0[0];0[0];0[0];
SEXN4;0[0];0[0];0[0];-1[0];0[0];0[0];0[0];0[0];0[0];0[0];0[0];0[0];0[0];0[0];0[0];0[0];0[0];0[0];0[0];0[0];0[0];0[0];0[0];0[0];-1[0];0[0];0[0];0[0];-1[0];0[0];0[0];0[0];0[0];-1[0];0[0];0[0];0[0];0[0];0[0];0[0];
SEXN5;0[0];0[0];0[0];0[0];0[0];0[0];0[0];0[0];0[0];0[0];0[0];0[0];0[0];0[0];0[0];0[0];0[0];0[0];0[0];0[0];0[0];0[0];0[0];0[0];0[0];0[0];0[0];0[0];12[40] [1_2];0[0];0[0];0[0];0[0];0[0];0[0];0[0];0[0];0[0];0[0];0[0];
SEXN6;0[0];0[0];0[0];0[0];0[0];0[0];0[0];0[0];0[0];0[0];0[0];0[0];0[0];0[0];0[0];0[0];0[0];0[0];0[0];0[0];0[0];0[0];0[0];0[0];0[0];0[0];0[0];0[0];-1[0];0[0];0[0];0[0];0[0];0[0];0[0];0[0];0[0];0[0];0[0];0[0];
SABM1;0[0];0[0];0[0];0[0];0[0];0[0];0[0];0[0];0[0];0[0];0[0];0[0];0[0];0[0];0[0];0[0];0[0];0[0];0[0];0[0];0[0];0[0];0[0];0[0];0[0];0[0];0[0];0[0];0[0];0[0];0[0];0[0];0[0];0[0];0[0];0[0];0[0];0[0];0[0];0[0];
SABM2;0[0];0[0];0[0];0[0];0[0];0[0];0[0];0[0];0[0];0[0];0[0];0[0];0[0];0[0];0[0];0[0];0[0];0[0];0[0];0[0];0[0];0[0];0[0];0[0];0[0];0[0];0[0];0[0];0[0];0[0];0[0];0[0];0[0];0[0];0[0];0[0];0[0];0[0];0[0];0[0];
SABM3;0[0];0[0];0[0];0[0];0[0];0[0];0[0];0[0];0[0];0[0];0[0];0[0];0[0];0[0];0[0];0[0];0[0];0[0];0[0];0[0];0[0];0[0];0[0];0[0];0[0];0[0];0[0];0[0];0[0];0[0];0[0];0[0];0[0];0[0];0[0];0[0];0[0];0[0];0[0];0[0];
SABM4;0[0];0[0];0[0];0[0];0[0];0[0];0[0];0[0];0[0];0[0];0[0];0[0];0[0];0[0];0[0];0[0];0[0];0[0];0[0];0[0];0[0];0[0];0[0];0[0];0[0];0[0];0[0];0[0];0[0];0[0];0[0];0[0];0[0];0[0];0[0];0[0];0[0];0[0];0[0];0[0];
SABM5;0[0];0[0];0[0];0[0];0[0];0[0];0[0];0[0];0[0];0[0];0[0];0[0];0[0];0[0];0[0];0[0];0[0];0[0];0[0];0[0];0[0];0[0];0[0];0[0];0[0];0[0];0[0];0[0];0[0];0[0];0[0];0[0];0[0];0[0];0[0];0[0];0[0];0[0];0[0];0[0];
SABM6;0[0];0[0];0[0];0[0];0[0];0[0];0[0];0[0];0[0];0[0];0[0];0[0];0[0];0[0];0[0];0[0];0[0];0[0];0[0];0[0];0[0];0[0];0[0];0[0];0[0];0[0];0[0];0[0];0[0];0[0];0[0];0[0];0[0];0[0];0[0];0[0];0[0];0[0];0[0];0[0];
SABT1;-2[0];-2[0];-2[0];-2[0];-2[0];-2[0];-2[0];-2[0];-2[0];-2[0];-2[0];-2[0];-2[0];-2[0];-2[0];-2[0];-2[0];-2[0];-2[0];-2[0];-2[0];-2[0];-2[0];-2[0];-2[0];-2[0];-2[0];-2[0];-2[0];-2[0];-2[0];-2[0];-2[0];-2[0];-2[0];-2[0];0[0];0[0];0[0];0[0];
SABT2;-2[0];-2[0];-2[0];-2[0];-2[0];-2[0];-2[0];-2[0];-2[0];-2[0];-2[0];-2[0];-2[0];-2[0];-2[0];-2[0];-2[0];-2[0];-2[0];-2[0];-2[0];-2[0];-2[0];-2[0];-2[0];-2[0];-2[0];-2[0];-2[0];-2[0];-2[0];-2[0];-2[0];-2[0];-2[0];-2[0];0[0];0[0];0[0];0[0];
SABT3;-2[0];-2[0];-2[0];-2[0];-2[0];-2[0];-2[0];-2[0];-2[0];-2[0];-2[0];-2[0];-2[0];-2[0];-2[0];-2[0];-2[0];-2[0];-2[0];-2[0];-2[0];-2[0];-2[0];-2[0];-2[0];-2[0];-2[0];-2[0];-2[0];-2[0];-2[0];-2[0];-2[0];-2[0];-2[0];-2[0];0[0];0[0];0[0];0[0];
SABT4;-2[0];-2[0];-2[0];-2[0];-2[0];-2[0];-2[0];-2[0];-2[0];-2[0];-2[0];-2[0];-2[0];-2[0];-2[0];-2[0];-2[0];-2[0];-2[0];-2[0];-2[0];-2[0];-2[0];-2[0];-2[0];-2[0];-2[0];-2[0];-2[0];-2[0];-2[0];-2[0];-2[0];-2[0];-2[0];-2[0];0[0];0[0];0[0];0[0];
SABT5;-2[0];-2[0];-2[0];-2[0];-2[0];-2[0];-2[0];-2[0];-2[0];-2[0];-2[0];-2[0];-2[0];-2[0];-2[0];-2[0];-2[0];-2[0];-2[0];-2[0];-2[0];-2[0];-2[0];-2[0];-2[0];-2[0];-2[0];-2[0];-2[0];-2[0];-2[0];-2[0];-2[0];-2[0];-2[0];-2[0];0[0];0[0];0[0];0[0];
SABT6;-2[0];-2[0];-2[0];-2[0];-2[0];-2[0];-2[0];-2[0];-2[0];-2[0];-2[0];-2[0];-2[0];-2[0];-2[0];-2[0];-2[0];-2[0];-2[0];-2[0];-2[0];-2[0];-2[0];-2[0];-2[0];-2[0];-2[0];-2[0];-2[0];-2[0];-2[0];-2[0];-2[0];-2[0];-2[0];-2[0];0[0];0[0];0[0];0[0];
SABN1;-2[0];-2[0];-2[0];-2[0];-2[0];-2[0];-2[0];-2[0];-2[0];-2[0];-2[0];-2[0];-2[0];-2[0];-2[0];-2[0];-2[0];-2[0];-2[0];-2[0];-2[0];-2[0];-2[0];-2[0];-2[0];-2[0];-2[0];-2[0];-2[0];-2[0];-2[0];-2[0];-2[0];-2[0];-2[0];-2[0];0[0];0[0];0[0];0[0];
SABN2;-2[0];-2[0];-2[0];-2[0];-2[0];-2[0];-2[0];-2[0];-2[0];-2[0];-2[0];-2[0];-2[0];-2[0];-2[0];-2[0];-2[0];-2[0];-2[0];-2[0];-2[0];-2[0];-2[0];-2[0];-2[0];-2[0];-2[0];-2[0];-2[0];-2[0];-2[0];-2[0];-2[0];-2[0];-2[0];-2[0];0[0];0[0];0[0];0[0];
SABN3;-2[0];-2[0];-2[0];-2[0];-2[0];-2[0];-2[0];-2[0];-2[0];-2[0];-2[0];-2[0];-2[0];-2[0];-2[0];-2[0];-2[0];-2[0];-2[0];-2[0];-2[0];-2[0];-2[0];-2[0];-2[0];-2[0];-2[0];-2[0];-2[0];-2[0];-2[0];-2[0];-2[0];-2[0];-2[0];-2[0];0[0];0[0];0[0];0[0];
SABN4;-2[0];-2[0];-2[0];-2[0];-2[0];-2[0];-2[0];-2[0];-2[0];-2[0];-2[0];-2[0];-2[0];-2[0];-2[0];-2[0];-2[0];-2[0];-2[0];-2[0];-2[0];-2[0];-2[0];-2[0];-2[0];-2[0];-2[0];-2[0];-2[0];-2[0];-2[0];-2[0];-2[0];-2[0];-2[0];-2[0];0[0];0[0];0[0];0[0];
SABN5;-2[0];-2[0];-2[0];-2[0];-2[0];-2[0];-2[0];-2[0];-2[0];-2[0];-2[0];-2[0];-2[0];-2[0];-2[0];-2[0];-2[0];-2[0];-2[0];-2[0];-2[0];-2[0];-2[0];-2[0];-2[0];-2[0];-2[0];-2[0];-2[0];-2[0];-2[0];-2[0];-2[0];-2[0];-2[0];-2[0];0[0];0[0];0[0];0[0];
SABN6;-2[0];-2[0];-2[0];-2[0];-2[0];-2[0];-2[0];-2[0];-2[0];-2[0];-2[0];-2[0];-2[0];-2[0];-2[0];-2[0];-2[0];-2[0];-2[0];-2[0];-2[0];-2[0];-2[0];-2[0];-2[0];-2[0];-2[0];-2[0];-2[0];-2[0];-2[0];-2[0];-2[0];-2[0];-2[0];-2[0];0[0];0[0];0[0];0[0];
DOMM1;-2[0];-2[0];-2[0];-2[0];-2[0];-2[0];-2[0];-2[0];-2[0];-2[0];-2[0];-2[0];-2[0];-2[0];-2[0];-2[0];-2[0];-2[0];-2[0];-2[0];-2[0];-2[0];-2[0];-2[0];-2[0];-2[0];-2[0];-2[0];-2[0];-2[0];-2[0];-2[0];-2[0];-2[0];-2[0];-2[0];0[0];0[0];0[0];0[0];
DOMM2;-2[0];-2[0];-2[0];-2[0];-2[0];-2[0];-2[0];-2[0];-2[0];-2[0];-2[0];-2[0];-2[0];-2[0];-2[0];-2[0];-2[0];-2[0];-2[0];-2[0];-2[0];-2[0];-2[0];-2[0];-2[0];-2[0];-2[0];-2[0];-2[0];-2[0];-2[0];-2[0];-2[0];-2[0];-2[0];-2[0];0[0];0[0];0[0];0[0];
DOMM3;-2[0];-2[0];-2[0];-2[0];-2[0];-2[0];-2[0];-2[0];-2[0];-2[0];-2[0];-2[0];-2[0];-2[0];-2[0];-2[0];-2[0];-2[0];-2[0];-2[0];-2[0];-2[0];-2[0];-2[0];-2[0];-2[0];-2[0];-2[0];-2[0];-2[0];-2[0];-2[0];-2[0];-2[0];-2[0];-2[0];0[0];0[0];0[0];0[0];
DOMM4;-2[0];-2[0];-2[0];-2[0];-2[0];-2[0];-2[0];-2[0];-2[0];-2[0];-2[0];-2[0];-2[0];-2[0];-2[0];-2[0];-2[0];-2[0];-2[0];-2[0];-2[0];-2[0];-2[0];-2[0];-2[0];-2[0];-2[0];-2[0];-2[0];-2[0];-2[0];-2[0];-2[0];-2[0];-2[0];-2[0];0[0];0[0];0[0];0[0];
DOMM5;-2[0];-2[0];-2[0];-2[0];-2[0];-2[0];-2[0];-2[0];-2[0];-2[0];-2[0];-2[0];-2[0];-2[0];-2[0];-2[0];-2[0];-2[0];-2[0];-2[0];-2[0];-2[0];-2[0];-2[0];-2[0];-2[0];-2[0];-2[0];-2[0];-2[0];-2[0];-2[0];-2[0];-2[0];-2[0];-2[0];0[0];0[0];0[0];0[0];
DOMM6;-2[0];-2[0];-2[0];-2[0];-2[0];-2[0];-2[0];-2[0];-2[0];-2[0];-2[0];-2[0];-2[0];-2[0];-2[0];-2[0];-2[0];-2[0];-2[0];-2[0];-2[0];-2[0];-2[0];-2[0];-2[0];-2[0];-2[0];-2[0];-2[0];-2[0];-2[0];-2[0];-2[0];-2[0];-2[0];-2[0];0[0];0[0];0[0];0[0];
DOMT1;-2[0];-2[0];-2[0];-2[0];-2[0];-2[0];-2[0];-2[0];-2[0];-2[0];-2[0];-2[0];-2[0];-2[0];-2[0];-2[0];-2[0];-2[0];-2[0];-2[0];-2[0];-2[0];-2[0];-2[0];-2[0];-2[0];-2[0];-2[0];-2[0];-2[0];-2[0];-2[0];-2[0];-2[0];-2[0];-2[0];0[0];0[0];0[0];0[0];
DOMT2;-2[0];-2[0];-2[0];-2[0];-2[0];-2[0];-2[0];-2[0];-2[0];-2[0];-2[0];-2[0];-2[0];-2[0];-2[0];-2[0];-2[0];-2[0];-2[0];-2[0];-2[0];-2[0];-2[0];-2[0];-2[0];-2[0];-2[0];-2[0];-2[0];-2[0];-2[0];-2[0];-2[0];-2[0];-2[0];-2[0];0[0];0[0];0[0];0[0];
DOMT3;-2[0];-2[0];-2[0];-2[0];-2[0];-2[0];-2[0];-2[0];-2[0];-2[0];-2[0];-2[0];-2[0];-2[0];-2[0];-2[0];-2[0];-2[0];-2[0];-2[0];-2[0];-2[0];-2[0];-2[0];-2[0];-2[0];-2[0];-2[0];-2[0];-2[0];-2[0];-2[0];-2[0];-2[0];-2[0];-2[0];0[0];0[0];0[0];0[0];
DOMT4;-2[0];-2[0];-2[0];-2[0];-2[0];-2[0];-2[0];-2[0];-2[0];-2[0];-2[0];-2[0];-2[0];-2[0];-2[0];-2[0];-2[0];-2[0];-2[0];-2[0];-2[0];-2[0];-2[0];-2[0];-2[0];-2[0];-2[0];-2[0];-2[0];-2[0];-2[0];-2[0];-2[0];-2[0];-2[0];-2[0];0[0];0[0];0[0];0[0];
DOMT5;-2[0];-2[0];-2[0];-2[0];-2[0];-2[0];-2[0];-2[0];-2[0];-2[0];-2[0];-2[0];-2[0];-2[0];-2[0];-2[0];-2[0];-2[0];-2[0];-2[0];-2[0];-2[0];-2[0];-2[0];-2[0];-2[0];-2[0];-2[0];-2[0];-2[0];-2[0];-2[0];-2[0];-2[0];-2[0];-2[0];0[0];0[0];0[0];0[0];
DOMT6;-2[0];-2[0];-2[0];-2[0];-2[0];-2[0];-2[0];-2[0];-2[0];-2[0];-2[0];-2[0];-2[0];-2[0];-2[0];-2[0];-2[0];-2[0];-2[0];-2[0];-2[0];-2[0];-2[0];-2[0];-2[0];-2[0];-2[0];-2[0];-2[0];-2[0];-2[0];-2[0];-2[0];-2[0];-2[0];-2[0];0[0];0[0];0[0];0[0];
DOMN1;-2[0];-2[0];-2[0];-2[0];-2[0];-2[0];-2[0];-2[0];-2[0];-2[0];-2[0];-2[0];-2[0];-2[0];-2[0];-2[0];-2[0];-2[0];-2[0];-2[0];-2[0];-2[0];-2[0];-2[0];-2[0];-2[0];-2[0];-2[0];-2[0];-2[0];-2[0];-2[0];-2[0];-2[0];-2[0];-2[0];0[0];0[0];0[0];0[0];
DOMN2;-2[0];-2[0];-2[0];-2[0];-2[0];-2[0];-2[0];-2[0];-2[0];-2[0];-2[0];-2[0];-2[0];-2[0];-2[0];-2[0];-2[0];-2[0];-2[0];-2[0];-2[0];-2[0];-2[0];-2[0];-2[0];-2[0];-2[0];-2[0];-2[0];-2[0];-2[0];-2[0];-2[0];-2[0];-2[0];-2[0];0[0];0[0];0[0];0[0];
DOMN3;-2[0];-2[0];-2[0];-2[0];-2[0];-2[0];-2[0];-2[0];-2[0];-2[0];-2[0];-2[0];-2[0];-2[0];-2[0];-2[0];-2[0];-2[0];-2[0];-2[0];-2[0];-2[0];-2[0];-2[0];-2[0];-2[0];-2[0];-2[0];-2[0];-2[0];-2[0];-2[0];-2[0];-2[0];-2[0];-2[0];0[0];0[0];0[0];0[0];
DOMN4;-2[0];-2[0];-2[0];-2[0];-2[0];-2[0];-2[0];-2[0];-2[0];-2[0];-2[0];-2[0];-2[0];-2[0];-2[0];-2[0];-2[0];-2[0];-2[0];-2[0];-2[0];-2[0];-2[0];-2[0];-2[0];-2[0];-2[0];-2[0];-2[0];-2[0];-2[0];-2[0];-2[0];-2[0];-2[0];-2[0];0[0];0[0];0[0];0[0];
DOMN5;-2[0];-2[0];-2[0];-2[0];-2[0];-2[0];-2[0];-2[0];-2[0];-2[0];-2[0];-2[0];-2[0];-2[0];-2[0];-2[0];-2[0];-2[0];-2[0];-2[0];-2[0];-2[0];-2[0];-2[0];-2[0];-2[0];-2[0];-2[0];-2[0];-2[0];-2[0];-2[0];-2[0];-2[0];-2[0];-2[0];0[0];0[0];0[0];0[0];
DOMN6;-2[0];-2[0];-2[0];-2[0];-2[0];-2[0];-2[0];-2[0];-2[0];-2[0];-2[0];-2[0];-2[0];-2[0];-2[0];-2[0];-2[0];-2[0];-2[0];-2[0];-2[0];-2[0];-2[0];-2[0];-2[0];-2[0];-2[0];-2[0];-2[0];-2[0];-2[0];-2[0];-2[0];-2[0];-2[0];-2[0];0[0];0[0];0[0];0[0];